年別,縣市,風力,太陽光電,其他(含水力)
101,基隆市,0,52,0
101,台北市,0,172,0
101,新北市,9960,569,110720
101,桃園市,88804,2970,130000
101,新竹市,12000,728,0
101,新竹縣,11500,512,0
101,苗栗縣,56700,430,80000
101,台中市,131700,4850,1142275
101,彰化縣,181600,3460,0
101,南投縣,0,1211,267481
101,雲林縣,74000,9297,0
101,嘉義市,0,165,0
101,嘉義縣,18,8427,50000
101,台南市,0,20610,20270
101,高雄市,0,35528,7170
101,屏東縣,4500,42074,0
101,宜蘭縣,0,149,26375
101,花蓮縣,0,294,244200
101,台東縣,0,58,2780
101,澎湖縣,10200,359,0
101,金門縣,4000,531,0
101,連江縣,0,12,0
102,基隆市,0,52,0
102,台北市,0,236,0
102,新北市,9960,870,110720
102,桃園市,93409,3702,130000
102,新竹市,12000,787,0
102,新竹縣,11500,1284,0
102,苗栗縣,90700,1468,80000
102,台中市,117900,15691,1142275
102,彰化縣,181600,29733,0
102,南投縣,0,3153,267481
102,雲林縣,74000,38660,0
102,嘉義市,0,420,0
102,嘉義縣,18,20393,50000
102,台南市,0,39139,20270
102,高雄市,0,56108,7170
102,屏東縣,4500,68085,0
102,宜蘭縣,0,166,26375
102,花蓮縣,0,451,244200
102,台東縣,0,526,2780
102,澎湖縣,10200,1504,0
102,金門縣,4000,531,0
102,連江縣,0,12,0
103,基隆市,0,52,0
103,台北市,0,284,0
103,新北市,9960,3968,110720
103,桃園市,93409,5206,130000
103,新竹市,12000,814,0
103,新竹縣,11500,1569,0
103,苗栗縣,113700,2975,80000
103,台中市,117900,29653,1142275
103,彰化縣,181600,46236,0
103,南投縣,0,7875,267481
103,雲林縣,74000,79380,0
103,嘉義市,0,594,0
103,嘉義縣,18,37398,50000
103,台南市,0,62181,20270
103,高雄市,0,71229,7170
103,屏東縣,4500,82937,0
103,宜蘭縣,0,179,26375
103,花蓮縣,0,488,244200
103,台東縣,0,3848,2780
103,澎湖縣,10200,2268,0
103,金門縣,4000,581,0
103,連江縣,0,12,0
104,基隆市,0,52,0
104,台北市,0,423,0
104,新北市,9960,6567,110720
104,桃園市,100609,6684,130000
104,新竹市,12000,937,0
104,新竹縣,11500,2095,0
104,苗栗縣,113700,3714,80000
104,台中市,120204,47888,1142275
104,彰化縣,181600,62825,195
104,南投縣,0,14867,267481
104,雲林縣,74000,132244,0
104,嘉義市,0,3054,0
104,嘉義縣,18,64535,50000
104,台南市,0,107529,20270
104,高雄市,0,89656,7958
104,屏東縣,4500,104339,0
104,宜蘭縣,0,2121,26375
104,花蓮縣,0,562,244200
104,台東縣,0,7980,2780
104,澎湖縣,10200,7045,0
104,金門縣,4000,879,0
104,連江縣,0,12,0
105,基隆市,0,52,0
105,台北市,0,468,0
105,新北市,9960,9984,110720
105,桃園市,100609,16828,130000
105,新竹市,12000,1632,0
105,新竹縣,11500,7279,0
105,苗栗縣,128400,5380,80000
105,台中市,129404,59794,1150275
105,彰化縣,193109,105037,195
105,南投縣,0,18880,267481
105,雲林縣,74000,199523,0
105,嘉義市,0,5191,0
105,嘉義縣,14,87284,50000
105,台南市,0,152950,20270
105,高雄市,0,112642,7958
105,屏東縣,4500,121094,120
105,宜蘭縣,0,4487,26375
105,花蓮縣,0,638,244200
105,台東縣,0,9172,2780
105,澎湖縣,10200,8183,0
105,金門縣,4000,4157,0
105,連江縣,0,12,0
106,基隆市,0,65,0
106,台北市,0,6029,0
106,新北市,9960,13586,110720
106,桃園市,100618,54443,130000
106,新竹市,12000,3182,0
106,新竹縣,11500,13953,0
106,苗栗縣,147900,13497,80000
106,台中市,134004,74519,1150275
106,彰化縣,181609,185019,195
106,南投縣,0,25803,267481
106,雲林縣,74029,275702,200
106,嘉義市,0,8353,0
106,嘉義縣,0,119977,50130
106,台南市,0,224340,20270
106,高雄市,0,170636,7958
106,屏東縣,4500,152558,120
106,宜蘭縣,0,10690,26375
106,花蓮縣,0,2284,244200
106,台東縣,0,12025,2780
106,澎湖縣,10200,11243,0
106,金門縣,4000,5386,0
106,連江縣,0,12,0
107,基隆市,0,470,0
107,台北市,0,10902,0
107,新北市,9960,20231,110720
107,桃園市,100656,123699,130000
107,新竹市,12000,11453,0
107,新竹縣,11500,53942,0
107,苗栗縣,157100,53498,80000
107,台中市,131704,137348,1150275
107,彰化縣,181609,306192,195
107,南投縣,0,44100,267481
107,雲林縣,76332,395860,200
107,嘉義市,0,12003,0
107,嘉義縣,0,187505,50130
107,台南市,0,398163,22466
107,高雄市,0,297033,7958
107,屏東縣,4500,230041,185
107,宜蘭縣,0,18516,26375
107,花蓮縣,0,5011,244200
107,台東縣,0,15556,2810
107,澎湖縣,10200,13154,0
107,金門縣,4000,7513,0
107,連江縣,0,12,0
108,基隆市,0,554,0
108,台北市,0,19386,0
108,新北市,9960,25606,110720
108,桃園市,100706,246195,130000
108,新竹市,12000,22245,0
108,新竹縣,11527,82089,0
108,苗栗縣,159400,98835,80000
108,台中市,132135,244381,1150275
108,彰化縣,200009,546202,195
108,南投縣,0,59731,267506
108,雲林縣,76332,479277,330
108,嘉義市,0,14678,0
108,嘉義縣,0,260176,50405
108,台南市,0,532346,22726
108,高雄市,0,448732,7958
108,屏東縣,4500,380883,596
108,宜蘭縣,0,30281,26675
108,花蓮縣,0,19673,244200
108,台東縣,0,24062,2780
108,澎湖縣,10200,15194,0
108,金門縣,4000,8201,0
108,連江縣,0,12,0
109,基隆市,0,1684,499
109,台北市,0,33674,260
109,新北市,14660,49434,110720
109,桃園市,100706,347910,132458
109,新竹市,12000,25266,0
109,新竹縣,11527,112404,0
109,苗栗縣,284100,160810,80000
109,台中市,132145,343093,1150875
109,彰化縣,265655,885981,725
109,南投縣,0,84487,267506
109,雲林縣,76332,666650,1358
109,嘉義市,0,21451,0
109,嘉義縣,0,478321,50504
109,台南市,0,959425,22886
109,高雄市,0,635491,7958
109,屏東縣,4500,595024,1112
109,宜蘭縣,0,60008,26675
109,花蓮縣,0,43780,244200
109,台東縣,0,35182,3780
109,澎湖縣,10200,15190,0
109,金門縣,4000,9789,0
109,連江縣,0,86,0
110,基隆市,0,2682,499
110,台北市,0,40515,260
110,新北市,13340,70907,110720
110,桃園市,100706,432796,135270
110,新竹市,12000,31065,0
110,新竹縣,11500,128246,0
110,苗栗縣,284100,232975,80325
110,台中市,118145,437190,1150875
110,彰化縣,396455,1048203,1155
110,南投縣,0,121276,267506
110,雲林縣,137132,754661,2261
110,嘉義市,0,26333,0
110,嘉義縣,0,645920,50504
110,台南市,0,1406405,22886
110,高雄市,0,773271,7564
110,屏東縣,4500,819791,1797
110,宜蘭縣,0,95289,30875
110,花蓮縣,0,61420,244300
110,台東縣,0,50305,3780
110,澎湖縣,10200,15879,0
110,金門縣,4000,10876,0
110,連江縣,0,145,0
111,基隆市,0,19134,2495
111,台北市,0,65175,260
111,新北市,13340,129453,110720
111,桃園市,100706,550640,168230
111,新竹市,12000,38844,0
111,新竹縣,11500,162845,0
111,苗栗縣,532100,293986,84338
111,台中市,118135,553645,1150875
111,彰化縣,552452,1264514,1455
111,南投縣,0,169645,250802
111,雲林縣,233332,984137,2261
111,嘉義市,0,38828,0
111,嘉義縣,0,828831,50504
111,台南市,0,1863712,2616
111,高雄市,0,949772,8088
111,屏東縣,4500,1013686,1788
111,宜蘭縣,0,127502,31325
111,花蓮縣,0,92921,244300
111,台東縣,0,65343,4279
111,澎湖縣,19200,18898,0
111,金門縣,4000,13047,0
111,連江縣,0,145,0
112,基隆市,0,22150,2495
112,台北市,0,75080,260
112,新北市,13340,159402,111720
112,桃園市,100650,699546,168230
112,新竹市,12000,46024,0
112,新竹縣,11500,186376,0
112,苗栗縣,648600,337752,84338
112,台中市,127135,675723,1150875
112,彰化縣,1305885,1642308,3111
112,南投縣,0,223189,254312
112,雲林縣,414722,1295567,4252
112,嘉義市,0,44736,0
112,嘉義縣,0,1000583,50911
112,台南市,0,2438393,2845
112,高雄市,0,1069483,8088
112,屏東縣,4500,1254961,2223
112,宜蘭縣,0,170802,32264
112,花蓮縣,0,176028,244300
112,台東縣,0,74078,4409
112,澎湖縣,19200,59043,0
112,金門縣,4000,21051,0
112,連江縣,0,145,0
113,基隆市,0,26714,2495
113,台北市,0,80242,260
113,新北市,13340,184135,111920
113,桃園市,100650,808810,172768
113,新竹市,12000,47235,0
113,新竹縣,11500,208976,0
113,苗栗縣,648600,377151,84338
113,台中市,127165,812137,1151792
113,彰化縣,2218489,1853252,3411
113,南投縣,0,268429,267300
113,雲林縣,714913,1568306,5502
113,嘉義市,0,50205,0
113,嘉義縣,0,1100858,51051
113,台南市,0,2823798,3209
113,高雄市,0,1405406,8088
113,屏東縣,4500,1387947,2943
113,宜蘭縣,0,202861,32544
113,花蓮縣,0,200850,244300
113,台東縣,0,87100,2429
113,澎湖縣,19200,73141,0
113,金門縣,4000,26213,300
113,連江縣,0,145,0
11401,基隆市,0,26714,2495
11401,台北市,0,80586,260
11401,新北市,13340,185801,111920
11401,桃園市,100650,813482,172768
11401,新竹市,12000,47246,0
11401,新竹縣,11500,209405,0
11401,苗栗縣,648600,379899,84338
11401,台中市,127165,829178,1151792
11401,彰化縣,2218489,1993983,3411
11401,南投縣,0,271431,267300
11401,雲林縣,743513,1579306,5602
11401,嘉義市,0,50282,0
11401,嘉義縣,0,1102476,50796
11401,台南市,0,2830685,3209
11401,高雄市,0,1397318,8088
11401,屏東縣,4500,1395918,2999
11401,宜蘭縣,0,203958,32544
11401,花蓮縣,0,201553,244300
11401,台東縣,0,96582,2429
11401,澎湖縣,19200,73141,0
11401,金門縣,4000,27518,300
11401,連江縣,0,145,0