year,縣市,風力,太陽光電,其他(含水力),家庭戶數,所得收入,total_income,垃圾焚化量(公噸),垃圾衛生掩埋量(公噸),執行機關資源回收量(公噸),一般廢棄物產生量(公噸),一般廢棄物回收率(%),地方環保單位歲出決算數(千元),t_capacity_of_renewable_e,戶籍登記人口數(人),售電統計（度）
2014,南投縣,0,7875,267481,175808,919551,161664422208,90.697,0,75.775,187.909,"51,73",543.322,275356,514.315,2717734125
2014,嘉義市,0,594,0,97872,1157962,113332056864,40.952,-,47.269,97.413,"57,96",479.727,594,270.883,1172692353
2014,嘉義縣,18,37398,50000,180933,789406,142829595798,93.355,-,73.598,177.456,"47,39",563.374,87416,524.783,2604560001
2014,基隆市,0,52,0,150053,957360,143654740080,65.380,-,66.722,144.100,"54,63",653.507,52,373.077,1491828045
2014,宜蘭縣,0,179,26375,161730,1071335,173267009550,63.429,152,67.903,162.188,"60,80",904.598,26554,458.777,28063870494
2014,屏東縣,4500,82937,0,282596,832681,235312319876,143.635,-,103.153,261.259,"45,02",1.215.795,87437,847.917,4378977571
2014,彰化縣,181600,46236,0,377149,940572,354735789228,208.321,18,164.028,391.688,"46,81",1.272.262,227836,1.291.474,10165144946
2014,新北市,9960,3968,110720,1486716,1146991,1705249871556,381.430,7.467,486.810,1.010.705,"61,52",8.199.465,124648,3.966.818,20317012229
2014,新竹市,12000,814,0,153558,1576797,242129793726,83.200,3.638,75.006,172.661,"49,71",821.267,12814,431.988,10270124349
2014,新竹縣,11500,1569,0,176832,1389453,245699752896,89.389,-,79.445,184.356,"51,51",691.630,13069,537.630,8536683498
2014,桃園市,93409,5206,130000,723763,1327963,961130484769,351.977,1.159,347.147,804.316,"56,09",3.504.768,228615,2.058.328,25706045255
2014,澎湖縣,10200,2268,0,37401,932694,34883688294,14.028,1.710,13.616,33.317,"52,76",229.930,12468,101.758,390042798
2014,總計,NA,NA,NA,8290000,1157926,9599206540000,3.189.457,83.136,3.407.494,7.369.439,"55,59",39.491.643,0,23.433.753,NA
2014,臺中市,117900,29653,1142275,904183,1152523,1042091703709,383.895,880,377.447,808.879,"52,43",3.971.374,1289828,2.719.835,25202649662
2014,臺北市,0,284,0,1031465,1575819,1625402144835,274.166,-,488.566,840.555,"67,38",6.512.741,284,2.702.315,16245318941
2014,臺南市,0,62181,20270,665443,991990,660112801570,256.325,355,286.507,612.732,"58,11",2.599.075,82451,1.884.284,29276538312
2014,臺東縣,0,3848,2780,81951,820549,67244811099,32.115,12.493,29.825,80.316,"44,46",354.215,6628,224.470,886804818
2014,臺灣地區,NA,NA,NA,NA,NA,NA,3.177.051,81.510,3.393.573,-,-,39.117.622,0,23.293.524,NA
2014,花蓮縣,0,488,244200,123835,860613,106574010855,42.701,13.087,44.822,107.725,"48,21",500.925,244688,333.392,2478227407
2014,苗栗縣,113700,2975,80000,181983,1100084,200196586572,90.182,7,73.198,176.116,"48,79",1.118.991,196675,567.132,7088403205
2014,連江縣,0,12,0,NA,NA,NA,2.363,-,3.115,7.445,"68,26",51.338,12,12.506,66633062
2014,金門縣,4000,581,0,NA,NA,NA,10.043,1.626,10.808,24.173,"51,41",322.683,4581,127.723,276992403
2014,雲林縣,74000,79380,0,237254,865131,205255790274,72.454,31.217,73.257,191.229,"45,79",887.830,153380,705.356,5291932983
2014,高雄市,0,71229,7170,1059475,1112287,1178440269325,399.421,9.324,419.479,923.999,"55,76",4.092.826,78399,2.778.992,3327738450
2015,南投縣,0,14867,267481,176609,878760,155196924840,91.377,1.336,79.805,191.953,"51,70",541.523,282348,509.490,2696447833
2015,嘉義市,0,3054,0,98628,1106004,109082962512,40.183,-,47.250,96.558,"58,38",490.609,3054,270.366,1178182325
2015,嘉義縣,18,64535,50000,181653,890742,161805956526,86.216,-,76.901,174.208,"50,51",583.060,114553,519.839,2607554272
2015,基隆市,0,52,0,150947,1072433,161880544051,66.523,-,68.615,148.558,"55,22",701.496,52,372.105,1450494904
2015,宜蘭縣,0,2121,26375,163974,1160320,190262311680,64.701,111,75.141,171.392,"62,18",891.201,28496,458.117,3274629279
2015,屏東縣,4500,104339,0,283712,869818,246777804416,146.955,105,112.980,271.887,"45,91",1.282.750,108839,841.253,4432654515
2015,彰化縣,181600,62825,195,380058,926717,352206209586,207.131,283,166.013,385.328,"46,16",1.284.151,244620,1.289.072,10227862023
2015,新北市,9960,6567,110720,1503844,1171978,1762472083432,336.230,7.030,471.486,940.086,"63,49",8.368.684,127247,3.970.644,20143108272
2015,新竹市,12000,937,0,156266,1427572,223080966152,71.960,3.844,79.015,166.207,"54,39",770.122,12937,434.060,10253935462
2015,新竹縣,11500,2095,0,181120,1283995,232557174400,84.071,1,78.967,177.928,"52,75",760.798,13595,542.042,8815060629
2015,桃園市,100609,6684,130000,742046,1307158,969971365268,373.303,834,327.426,731.654,"48,86",3.715.906,237293,2.105.780,27814412311
2015,澎湖縣,10200,7045,0,37981,792696,30107386776,15.363,788,13.833,34.050,"52,57",255.994,17245,102.304,389948408
2015,總計,NA,NA,NA,8386495,1167284,9789421429580,3.143.054,91.655,3.436.768,7.229.290,"55,23",40.403.661,0,23.492.074,NA
2015,臺中市,120204,47888,1142275,920195,1169183,1075876350685,391.447,838,380.776,814.876,"51,86",4.243.529,1310367,2.744.445,25886675077
2015,臺北市,0,423,0,1041379,1581899,1647356398721,282.756,-,500.053,857.431,"67,02",6.314.811,423,2.704.810,16175304284
2015,臺南市,0,107529,20270,670228,1007093,674981927204,253.914,2.798,295.987,622.117,"58,74",2.774.612,127799,1.885.541,25901501192
2015,臺東縣,0,7980,2780,82246,746981,61436199326,21.584,19.395,30.098,77.094,"46,85",346.956,10760,222.452,919098341
2015,臺灣地區,NA,NA,NA,NA,NA,NA,3.129.119,90.200,3.422.171,-,-,40.049.553,0,23.346.728,NA
2015,花蓮縣,0,562,244200,124617,924706,115234087602,43.592,14.143,45.694,110.413,"47,70",495.511,244762,331.945,2494490847
2015,苗栗縣,113700,3714,80000,183736,1008241,185250168376,89.614,12,82.011,185.419,"51,66",867.609,197414,563.912,6980845365
2015,連江縣,0,12,0,NA,NA,NA,2.112,-,3.045,6.951,"69,62",49.655,12,12.547,62765336
2015,金門縣,4000,879,0,NA,NA,NA,11.824,1.456,11.554,26.552,"49,71",304.453,4879,132.799,279882919
2015,雲林縣,74000,132244,0,238079,876670,208716716930,72.945,30.339,78.755,194.493,"46,09",999.070,206244,699.633,5418198413
2015,高雄市,0,89656,7958,1069177,1145895,1225164578415,389.254,8.343,411.365,897.707,"55,71",4.361.161,97614,2.778.918,29088213862
2016,南投縣,0,18880,267481,177089,916199,162248764711,74.422,382,83.335,187.571,"52,53",679.534,286361,505.163,2761404205
2016,嘉義市,0,5191,0,98602,1154411,113827233422,37.004,-,47.837,93.057,"60,24",692.905,5191,269.874,1201509853
2016,嘉義縣,14,87284,50000,182132,896217,163229794644,77.709,-,92.934,183.548,"57,66",604.077,137298,515.320,2707505186
2016,基隆市,0,52,0,151064,1074314,162290170096,64.829,-,73.229,149.929,"56,76",855.233,52,372.100,1484713104
2016,宜蘭縣,0,4487,26375,165698,1085846,179922510508,75.524,74,75.765,165.525,"54,33",967.621,30862,457.538,3349556688
2016,屏東縣,4500,121094,120,285022,911258,259728577676,153.709,19,134.135,299.360,"48,57",1.246.751,125714,835.792,4500899609
2016,彰化縣,193109,105037,195,383007,994353,380844159471,201.872,157,181.448,401.503,"48,67",1.391.787,298341,1.287.146,10508323661
2016,新北市,9960,9984,110720,1515318,1223867,1854547694706,341.979,-,525.890,990.138,"65,46",8.308.960,130664,3.979.208,20822425913
2016,新竹市,12000,1632,0,158443,1537317,243577117431,55.496,3.759,80.531,152.053,"61,03",769.613,13632,437.337,10285624687
2016,新竹縣,11500,7279,0,185128,1365150,252727489200,70.197,31,81.101,165.179,"55,07",875.416,18779,547.481,9311191475
2016,桃園市,100609,16828,130000,757890,1317790,998739863100,360.060,602,378.295,792.116,"51,03",3.884.043,247437,2.147.763,28440496287
2016,澎湖縣,10200,8183,0,38571,1069545,41253420195,16.059,338,17.504,37.920,"56,76",286.896,18383,103.263,407407969
2016,總計,NA,NA,NA,8458223,1194572,10103956365556,2.993.435,77.940,3.701.670,7.461.342,"58,00",41.505.270,0,23.539.816,NA
2016,臺中市,129404,59794,1150275,933760,1140325,1064789872000,365.297,427,406.782,815.996,"55,12",4.386.118,1339473,2.767.239,27349318781
2016,臺北市,0,468,0,1045175,1568945,1639822090375,244.574,-,470.481,783.268,"68,78",6.618.851,468,2.695.704,16531449703
2016,臺南市,0,152950,20270,674233,1063495,717043424335,239.640,1.310,326.283,639.667,"62,33",2.617.508,173220,1.886.033,26472702431
2016,臺東縣,0,9172,2780,82460,797395,65753191700,12.787,25.602,42.884,88.339,"56,37",460.650,11952,220.802,941495231
2016,臺灣地區,NA,NA,NA,NA,NA,NA,2.978.325,76.842,3.684.268,-,-,41.085.322,0,23.392.107,NA
2016,花蓮縣,0,638,244200,125005,948501,118567367505,41.933,10.830,51.481,112.200,"50,78",508.160,244838,330.911,2482256975
2016,苗栗縣,128400,5380,80000,184739,1166196,215441882844,89.810,19,88.922,191.217,"53,02",938.904,213780,559.189,7141648317
2016,連江縣,0,12,0,NA,NA,NA,2.108,-,2.741,6.035,"65,01",60.908,12,12.595,66620495
2016,金門縣,4000,4157,0,NA,NA,NA,13.002,1.098,14.663,30.972,"54,24",359.040,8157,135.114,293147544
2016,雲林縣,74000,199523,0,238767,896101,213959347467,65.766,24.853,86.214,198.745,"49,76",883.226,273523,694.873,5505651796
2016,高雄市,0,112642,7958,1076120,1166824,1255642642880,389.658,8.438,439.217,926.848,"57,05",4.109.069,120600,2.779.371,29965919976
2017,南投縣,0,25803,267481,177729,894368,158955130272,72.435,-,82.411,179.696,"51,52",769.860,293284,501.051,2782741283
2017,嘉義市,0,8353,0,99226,1090947,108250307022,43.874,-,48.732,99.289,"55,81",576.157,8353,269.398,1193241910
2017,嘉義縣,0,119977,50130,182646,901022,164568064212,71.384,-,99.245,184.064,"61,22",621.096,170107,511.182,2790218438
2017,基隆市,0,65,0,152390,1096361,167074452790,65.397,-,86.505,163.651,"60,04",810.532,65,371.458,1483651965
2017,宜蘭縣,0,10690,26375,167742,1098807,184316083794,72.720,-,85.358,165.848,"56,15",902.894,37065,456.607,3321167343
2017,屏東縣,4500,152558,120,286320,958999,274580593680,140.074,5.506,151.041,307.994,"52,68",1.307.224,157178,829.939,4624404769
2017,彰化縣,181609,185019,195,385572,970491,374194155852,196.124,7,207.006,418.867,"53,18",1.382.055,366823,1.282.458,10924310201
2017,新北市,9960,13586,110720,1533928,1265798,1941642994544,434.229,1.742,609.218,1.158.662,"62,37",8.380.349,134266,3.986.689,21056065049
2017,新竹市,12000,3182,0,161811,1572296,254414788056,58.818,2.592,86.845,162.587,"62,23",782.543,15182,441.132,10089571321
2017,新竹縣,11500,13953,0,189271,1616327,305923827617,57.562,346,90.785,176.428,"55,88",859.140,25453,552.169,9719207894
2017,桃園市,100618,54443,130000,779743,1337361,1042797878223,367.740,631,488.488,890.147,"57,40",4.343.411,285061,2.188.017,28990540674
2017,澎湖縣,10200,11243,0,39321,857821,33730379541,15.585,186,19.635,39.771,"60,35",278.376,21443,104.073,412984803
2017,總計,NA,NA,NA,8559187,1231112,10537317825944,2.969.654,70.382,4.169.539,7.870.896,"60,22",45.195.156,0,23.571.227,NA
2017,臺中市,134004,74519,1150275,951383,1245350,1184804819050,347.813,0,460.695,863.140,"58,39",4.757.591,1358798,2.787.070,29320857695
2017,臺北市,0,6029,0,1049354,1648122,1729463413188,205.932,-,482.330,755.026,"72,73",9.003.541,6029,2.683.257,16391873642
2017,臺南市,0,224340,20270,680737,1079199,734650689663,246.958,1.105,349.952,671.386,"63,05",2.885.513,244610,1.886.522,26505507147
2017,臺東縣,0,12025,2780,82755,889108,73578132540,14.881,20.696,47.273,90.794,"60,60",397.990,14805,219.540,936269832
2017,臺灣地區,NA,NA,NA,NA,NA,NA,2.959.495,69.311,4.149.316,-,-,44.776.437,0,23.420.891,NA
2017,花蓮縣,0,2284,244200,125621,910090,114326415890,34.193,8.604,59.876,116.202,"56,63",520.641,246484,329.237,2480881781
2017,苗栗縣,147900,13497,80000,186749,1029485,192255294265,88.588,78,109.338,210.528,"57,86",919.178,241397,553.807,7237807494
2017,連江縣,0,12,0,NA,NA,NA,1.510,-,3.379,6.743,"69,57",50.461,12,12.880,71443544
2017,金門縣,4000,5386,0,NA,NA,NA,8.649,1.071,16.844,31.282,"63,90",368.258,9386,137.456,293848090
2017,雲林縣,74029,275702,200,239882,868663,208376617766,42.668,20.577,85.951,189.601,"54,10",1.034.435,349931,690.373,5760091243
2017,高雄市,0,170636,7958,1087007,1186204,1289412051428,382.519,7.239,498.632,969.900,"59,81",4.243.911,178594,2.776.912,30826799839
2018,南投縣,0,44100,267481,178155,967369,172341624195,68.012,7,84.650,190.689,"49,00",747.499,311581,497.031,2823013718
2018,嘉義市,0,12003,0,99737,1152499,114946792763,66.399,-,68.790,145.016,"54,21",547.179,12003,268.622,1173345557
2018,嘉義縣,0,187505,50130,182905,940780,172073365900,72.046,-,107.809,195.499,"63,15",617.672,237635,507.068,2860678559
2018,基隆市,0,470,0,153191,1070748,164028956868,92.687,-,99.792,204.233,"54,62",999.230,470,370.155,1456997388
2018,宜蘭縣,0,18516,26375,168959,1069997,180785623123,81.545,-,101.266,194.797,"58,14",999.635,44891,455.221,3365314938
2018,屏東縣,4500,230041,185,287294,985681,283180237214,196.571,271,175.412,384.301,"48,81",1.342.013,234726,825.406,4611855849
2018,彰化縣,181609,306192,195,388042,997162,386940736804,283.762,25,275.369,576.392,"50,76",1.407.130,487996,1.277.824,11169672336
2018,新北市,9960,20231,110720,1551017,1292753,2005081879801,640.559,7.371,762.756,1.537.668,"57,86",8.878.474,140911,3.995.717,21059282630
2018,新竹市,12000,11453,0,164283,1426379,234329821257,72.892,3.348,102.157,193.077,"60,51",890.827,23453,445.635,10153101214
2018,新竹縣,11500,53942,0,192993,1519478,293248617654,76.945,169,117.706,214.693,"58,24",989.752,65442,557.010,9876580554
2018,桃園市,100656,123699,130000,798391,1378732,1100767220212,403.325,1.570,568.369,1.049.837,"57,18",4.589.394,354355,2.220.872,29035920505
2018,澎湖縣,10200,13154,0,39883,959761,38278147963,20.935,521,22.146,43.914,"59,62",303.735,23354,104.440,429193835
2018,總計,NA,NA,NA,8643140,1249031,10795549797340,4.103.398,87.251,4.921.715,9.740.671,"55,68",45.493.984,0,23.588.932,NA
2018,臺中市,131704,137348,1150275,965455,1279865,1235652063575,674.180,-,538.695,1.267.112,"45,94",5.174.734,1419327,2.803.894,30843034098
2018,臺北市,0,10902,0,1053741,1649348,1737985610868,210.570,-,470.866,750.275,"71,93",7.741.846,10902,2.668.572,16193209265
2018,臺南市,0,398163,22466,685873,1086077,744910890221,416.381,1.488,431.904,927.086,"54,93",2.704.839,420629,1.883.831,26448058280
2018,臺東縣,0,15556,2810,82896,884510,73322340960,6.231,26.135,49.644,91.875,"63,00",437.104,18366,218.919,939135671
2018,臺灣地區,NA,NA,NA,NA,NA,NA,4.096.282,86.181,4.901.249,-,-,45.009.272,0,23.436.603,NA
2018,花蓮縣,0,5011,244200,125851,937898,118035401198,38.902,7.733,66.484,126.428,"56,61",568.160,249211,327.968,2442012955
2018,苗栗縣,157100,53498,80000,188522,1045881,197171577882,94.746,378,115.628,224.966,"57,72",944.216,290598,548.863,7140953478
2018,連江縣,0,12,0,NA,NA,NA,1.976,-,3.999,7.589,"74,62",93.390,12,13.056,69517139
2018,金門縣,4000,7513,0,NA,NA,NA,5.140,1.070,16.467,29.671,"75,06",391.322,11513,139.273,296728597
2018,雲林縣,76332,395860,200,240634,860237,207002270258,45.673,30.609,112.234,228.147,"56,76",1.005.553,472392,686.022,5765592992
2018,高雄市,0,297033,7958,1095318,1219246,1335462090228,533.922,6.556,629.572,1.250.781,"56,79",4.120.280,304991,2.773.533,30954805424
2019,南投縣,0,59731,267506,178590,940893,168034080870,53.823,-,102.611,204.624,"53,97",1.047.860,327237,494.112,2789280675
2019,嘉義市,0,14678,0,100209,1208298,121082334282,65.202,-,79.221,148.858,"56,20",776.203,14678,267.690,1172170334
2019,嘉義縣,0,260176,50405,183302,850597,155916131294,76.156,-,109.895,197.237,"61,39",871.609,310581,503.113,2812850084
2019,基隆市,0,554,0,153933,1140481,175557661773,91.572,-,105.655,204.936,"55,32",1.096.798,554,368.893,1460756541
2019,宜蘭縣,0,30281,26675,169900,1093475,185781402500,75.535,-,101.485,188.119,"59,85",1.032.619,56956,454.178,3371441194
2019,屏東縣,4500,380883,596,288710,964547,278474364370,174.551,-,187.529,374.278,"53,35",1.830.292,385979,819.184,4713253196
2019,彰化縣,200009,546202,195,390815,1026792,401285715480,279.970,11,309.805,605.015,"53,72",1.623.739,746406,1.272.802,11238052645
2019,新北市,9960,25606,110720,1571557,1319841,2074205362437,613.403,7.633,767.853,1.513.068,"58,96",9.008.777,146286,4.018.696,20967538845
2019,新竹市,12000,22245,0,166833,1602826,267404270058,70.603,3.150,105.284,189.299,"61,04",976.738,34245,448.803,10216185625
2019,新竹縣,11527,82089,0,197610,1539555,304231463550,74.345,37,128.122,228.858,"59,53",1.248.402,93616,563.933,9633475780
2019,桃園市,100706,246195,130000,816222,1392199,1136343452178,393.432,1.390,712.205,1.205.645,"61,92",5.417.133,476901,2.249.037,28282794776
2019,澎湖縣,10200,15194,0,40947,1037554,42484723638,16.730,87,22.916,44.920,"60,67",535.643,25394,105.207,446086674
2019,總計,NA,NA,NA,8734576,1274196,11129561800896,4.042.110,86.402,5.334.797,9.812.418,"56,27",50.273.116,0,23.603.121,NA
2019,臺中市,132135,244381,1150275,979469,1298497,1271837558093,625.129,131,534.413,1.200.928,"47,93",5.694.046,1526791,2.815.261,31482790422
2019,臺北市,0,19386,0,1058621,1723021,1824026214041,246.461,-,489.638,797.948,"69,11",7.428.077,19386,2.645.041,16104112613
2019,臺南市,0,532346,22726,692289,1079174,747100289286,389.595,1.475,484.945,939.359,"58,37",2.859.697,555072,1.880.906,27027339025
2019,臺東縣,0,24062,2780,83150,874386,72705195900,8.439,26.822,50.891,92.333,"60,72",543.729,26842,216.781,960531070
2019,臺灣地區,NA,NA,NA,NA,NA,NA,4.032.559,85.333,5.313.303,-,-,49.652.866,0,23.449.847,NA
2019,花蓮縣,0,19673,244200,126329,956973,120893442117,37.210,14.833,74.883,140.035,"58,05",965.970,263873,326.247,2433404639
2019,苗栗縣,159400,98835,80000,190098,1073028,203980476744,97.217,537,116.772,230.367,"57,48",1.008.138,338235,545.459,6828589117
2019,連江縣,0,12,0,NA,NA,NA,2.234,-,4.313,9.349,"78,22",117.284,12,13.089,72046022
2019,金門縣,4000,8201,0,NA,NA,NA,7.316,1.069,17.181,30.520,"75,11",502.966,12201,140.185,300800603
2019,雲林縣,76332,479277,330,241342,933883,225385190986,49.599,23.514,121.392,240.597,"56,51",1.353.584,555939,681.306,5790139513
2019,高雄市,0,448732,7958,1104650,1224668,1352829506200,593.585,5.714,707.788,1.337.406,"55,19",4.333.812,456690,2.773.198,30623001323
2020,南投縣,0,84487,267506,179226,997605,178796753730,63.523,3.275,108.411,212.589,"54,49",1.061.999,351993,490.832,2841884870
2020,嘉義市,0,21451,0,100858,1225219,123573137902,54.242,-,72.090,133.008,"59,22",798.043,21451,266.005,1207245258
2020,嘉義縣,0,478321,50504,184112,906554,166907470048,72.294,-,112.498,197.386,"63,37",873.213,528825,499.481,2919447548
2020,基隆市,0,1684,499,155018,1106963,171599190334,95.298,-,110.021,211.900,"55,03",881.960,2183,367.577,1481789976
2020,宜蘭縣,0,60008,26675,171495,1138365,195223905675,78.572,-,106.585,194.981,"59,70",1.126.238,86683,453.087,3460782313
2020,屏東縣,4500,595024,1112,290649,1064508,309398185692,131.207,5,178.799,323.866,"58,63",1.883.265,600636,812.658,4886414827
2020,彰化縣,265655,885981,725,394507,996066,392955009462,276.033,-,308.338,600.957,"54,07",1.662.595,1152361,1.266.670,11330142478
2020,新北市,14660,49434,110720,1594111,1352548,2156111644828,530.031,6.820,874.191,1.538.164,"65,10",8.659.241,174814,4.030.954,21379150500
2020,新竹市,12000,25266,0,169186,1618903,273895722958,75.908,5.852,111.214,205.287,"60,17",968.825,37266,451.412,10532415165
2020,新竹縣,11527,112404,0,202656,1619782,328258540992,76.991,60,136.285,241.352,"60,24",1.144.378,123931,570.775,9716215241
2020,桃園市,100706,347910,132458,834453,1424027,1188283602231,407.996,1.246,734.366,1.258.474,"61,03",5.820.612,581074,2.268.807,28194559336
2020,澎湖縣,10200,15190,0,41378,1091011,45143853158,21.543,47,22.167,51.808,"51,74",549.158,25390,105.952,457316598
2020,總計,NA,NA,NA,8829466,1293719,11422847924054,3.789.352,106.703,5.655.991,9.869.675,"58,84",51.333.805,0,23.561.236,NA
2020,臺中市,132145,343093,1150875,993132,1289700,1280842340400,496.727,62,578.525,1.131.384,"57,20",5.517.202,1626113,2.820.787,33073380154
2020,臺北市,0,33674,260,1060320,1716591,1820135769120,225.475,-,495.277,781.781,"71,16",7.399.821,33934,2.602.418,16115286702
2020,臺南市,0,959425,22886,699095,1086475,759549240125,368.755,1.970,549.139,981.281,"62,22",3.470.086,982311,1.874.917,28977669742
2020,臺東縣,0,35182,3780,83395,891340,74333299300,3.872,34.167,55.560,99.518,"60,93",918.151,38962,215.261,986736049
2020,臺灣地區,NA,NA,NA,NA,NA,NA,3.780.495,105.700,5.636.256,-,-,50.677.107,0,23.407.360,NA
2020,花蓮縣,0,43780,244200,127030,1032499,131158347970,32.067,22.616,80.345,148.013,"58,72",787.113,287980,324.372,2485806038
2020,苗栗縣,284100,160810,80000,192076,1161999,223192119924,94.320,749,114.211,225.505,"57,84",1.278.310,524910,542.590,7173513178
2020,連江縣,0,86,0,NA,NA,NA,2.231,-,3.156,8.982,"71,83",159.577,86,13.279,75742971
2020,金門縣,4000,9789,0,NA,NA,NA,6.626,1.003,16.579,29.422,"74,35",497.121,13789,140.597,299679758
2020,雲林縣,76332,666650,1358,242888,988062,239988403056,50.156,23.521,126.792,248.506,"56,34",1.259.554,744340,676.873,6027509204
2020,高雄市,0,635491,7958,1113881,1224100,1363501732100,625.485,5.310,761.442,1.423.421,"55,68",4.617.343,643449,2.765.932,31189848128
2021,南投縣,0,121276,267506,179671,985686,177099189306,43.675,61,108.827,211.857,"54,47",974.352,388782,484.897,2987026269
2021,嘉義市,0,26333,0,101345,1217617,123399394865,57.317,-,78.789,141.736,"59,56",848.452,26333,264.727,1205790205
2021,嘉義縣,0,645920,50504,184817,916631,169408991527,71.038,-,114.104,198.246,"64,17",959.229,696424,493.316,3202463674
2021,基隆市,0,2682,499,155737,1111556,173110396772,98.273,-,115.074,218.967,"55,12",762.643,3181,363.977,1515579452
2021,宜蘭縣,0,95289,30875,173265,1136419,196901638035,77.188,-,105.109,191.698,"59,73",1.056.793,126164,450.692,3590071535
2021,屏東縣,4500,819791,1797,292214,1046302,305744092628,140.855,30,193.712,341.499,"59,03",1.619.148,826088,804.440,4955042816
2021,彰化縣,396455,1048203,1155,397597,1086809,432111997973,270.336,-,315.019,601.838,"55,08",1.730.217,1445813,1.255.330,12065909429
2021,新北市,13340,70907,110720,1612821,1381603,2228278332063,502.819,6.059,938.512,1.565.718,"67,50",8.696.490,194967,4.008.113,22372413327
2021,新竹市,12000,31065,0,172450,1602415,276336466750,74.327,8.958,117.214,208.750,"60,10",1.174.250,43065,452.640,10932541977
2021,新竹縣,11500,128246,0,207824,1689337,351084772688,64.437,204,153.172,262.085,"61,69",1.189.924,139746,575.580,10035477564
2021,桃園市,100706,432796,135270,853848,1448909,1237148051832,402.196,154.614,723.821,1.277.926,"59,03",6.066.053,668772,2.272.391,30314306207
2021,澎湖縣,10200,15879,0,41840,796484,33324890560,22.171,2,24.084,51.738,"54,84",642.316,26079,106.340,454470439
2021,總計,NA,NA,NA,8919896,1314023,11720948501608,3.502.084,247.014,6.048.304,10.049.062,"61,19",51.388.144,0,23.375.314,NA
2021,臺中市,118145,437190,1150875,1009568,1304508,1316989532544,441.478,-,727.411,1.265.065,"62,22",5.386.214,1706210,2.813.490,34743201021
2021,臺北市,0,40515,260,1057695,1732126,1832061009570,208.452,-,493.402,759.391,"72,55",7.161.343,40775,2.524.393,15986169323
2021,臺南市,0,1406405,22886,705803,1120580,790908725740,336.948,2.647,596.120,990.920,"65,73",3.875.267,1429291,1.862.059,30777564380
2021,臺東縣,0,50305,3780,83767,911136,76323129312,1.836,33.077,56.372,101.253,"60,84",805.041,54085,213.386,995542292
2021,臺灣地區,NA,NA,NA,NA,NA,NA,3.493.443,246.001,6.029.347,-,-,50.730.959,0,23.220.130,NA
2021,花蓮縣,0,61420,244300,127594,1026488,130973709872,16.218,15.135,82.401,150.628,"59,01",784.479,305720,321.358,2551308166
2021,苗栗縣,284100,232975,80325,194320,1214424,235986871680,103.199,523,120.680,240.057,"56,78",1.047.651,597400,538.178,7918197661
2021,連江縣,0,145,0,NA,NA,NA,2.596,-,2.866,7.378,"67,81",129.169,145,13.645,77358348
2021,金門縣,4000,10876,0,NA,NA,NA,6.044,1.013,16.091,28.042,"74,24",528.016,14876,141.539,304394332
2021,雲林縣,137132,754661,2261,244369,1024191,250280530479,57.071,24.690,135.818,253.659,"58,34",1.284.980,894054,670.132,6079902111
2021,高雄市,0,773271,7564,1123351,1231562,1383476404262,503.607,-,829.707,1.362.049,"63,03",4.666.117,780835,2.744.691,32276181013
2022,南投縣,0,169645,250802,179601,1048879,188379717279,51.625,12,117.259,219.960,"56,07",974.929,420447,479.595,2921703647
2022,嘉義市,0,38828,0,101826,1282798,130622189148,57.560,-,78.421,144.607,"59,36",1.001.010,38828,262.924,1218720709
2022,嘉義縣,0,828831,50504,185092,891498,165009147816,143.985,-,120.155,277.418,"48,10",947.786,879335,488.158,3534630061
2022,基隆市,0,19134,2495,156154,1099526,171695383004,105.728,-,115.134,224.883,"52,99",867.018,21629,361.526,1504954089
2022,宜蘭縣,0,127502,31325,174726,1165558,203653287108,119.826,-,106.533,234.505,"48,90",1.411.663,158827,449.062,3610453600
2022,屏東縣,4500,1013686,1788,294025,1083933,318703400325,94.109,23,198.970,352.341,"58,87",1.968.220,1019974,798.703,5054973977
2022,彰化縣,552452,1264514,1455,400502,1108221,443844726942,286.214,-,342.177,643.549,"55,53",1.838.756,1818421,1.245.239,11688570638
2022,新北市,13340,129453,110720,1622976,1421385,2306873741760,918.432,5.781,1.045.847,2.079.410,"55,55",8.651.057,253513,3.995.551,21859997323
2022,新竹市,12000,38844,0,174515,1722889,300669973835,71.984,4.833,123.068,205.222,"62,57",975.428,50844,452.473,10492419313
2022,新竹縣,11500,162845,0,212370,1702134,361482197580,52.812,379,166.354,279.398,"62,02",1.204.068,174345,580.503,11038574945
2022,桃園市,100706,550640,168230,866529,1449549,1256076245421,423.747,137.450,771.527,1.336.424,"61,15",6.121.860,819576,2.281.464,30103129654
2022,澎湖縣,19200,18898,0,42205,919357,38801462185,17.747,2,23.986,53.313,"53,86",613.764,38098,107.223,470740250
2022,總計,NA,NA,NA,8968428,1340848,12025298746944,4.430.942,200.080,6.570.024,11.238.654,"57,29",52.336.281,0,23.264.640,NA
2022,臺中市,118135,553645,1150875,1022349,1338826,1368747422274,642.231,-,931.875,1.625.470,"61,09",5.669.633,1822655,2.814.459,34592752801
2022,臺北市,0,65175,260,1041655,1752411,1825407680205,208.756,-,508.105,768.277,"72,83",7.208.682,65435,2.480.681,15762000028
2022,臺南市,0,1863712,2616,711543,1143699,813791017557,395.534,-,591.184,1.044.655,"62,14",3.316.336,1866328,1.852.997,32274889786
2022,臺東縣,0,65343,4279,84072,916928,77087970816,14.092,1.769,59.343,103.285,"61,91",902.387,69622,212.551,1035319581
2022,臺灣地區,NA,NA,NA,NA,NA,NA,4.422.068,199.133,6.550.918,-,-,51.677.569,0,23.109.362,NA
2022,花蓮縣,0,92921,244300,127840,1010041,129123641440,13.463,18.146,82.747,151.710,"58,12",843.643,337221,318.892,2583123577
2022,苗栗縣,532100,293986,84338,195947,1273250,249489517750,111.100,5.084,125.511,256.417,"54,69",1.072.116,910424,535.132,7745601620
2022,連江縣,0,145,0,NA,NA,NA,2.627,-,2.434,6.693,"58,96",106.486,145,13.983,81669891
2022,金門縣,4000,13047,0,NA,NA,NA,6.247,947,16.672,28.892,"73,70",552.226,17047,141.295,311577424
2022,雲林縣,233332,984137,2261,244767,1016913,248906744271,98.517,25.655,140.682,283.298,"53,46",1.416.785,1219730,664.092,6523300580
2022,高雄市,0,949772,8088,1129734,1263068,1426930863912,594.604,-,902.038,1.538.597,"61,35",4.672.428,957860,2.728.137,32353616259
2023,南投縣,0,223189,254312,180196,1069123,192651688108,52.795,11,129.133,232.680,"57,93",1.034.511,477501,477.094,2875139244
2023,嘉義市,0,44736,0,102932,1348030,138755423960,74.220,-,88.508,170.519,"56,47",1.069.871,44736,263.584,1214749887
2023,嘉義縣,0,1000583,50911,185790,936713,174031908270,132.653,-,122.477,282.058,"48,11",1.093.744,1051494,484.560,3237309693
2023,基隆市,0,22150,2495,158167,1136337,179731014279,100.921,-,116.591,220.917,"54,32",1.358.853,24645,362.255,1515481029
2023,宜蘭縣,0,170802,32264,177238,1114997,197619838286,110.015,-,112.882,229.291,"52,02",1.098.559,203066,449.890,3616898686
2023,屏東縣,4500,1254961,2223,296396,1081286,320488845256,158.401,3,205.206,422.449,"50,50",1.925.285,1261684,794.997,5046507156
2023,彰化縣,1305885,1642308,3111,404247,1164937,470922287439,277.943,0,351.497,642.600,"56,75",1.823.448,2951304,1.239.048,11153478835
2023,新北市,13340,159402,111720,1655751,1440893,2385760025643,674.677,6.293,1.083.185,1.868.648,"63,56",9.481.893,284462,4.041.120,21850735027
2023,新竹市,12000,46024,0,177461,1851383,328548278563,120.100,4.312,143.941,274.441,"54,67",1.046.760,58024,456.475,9391082355
2023,新竹縣,11500,186376,0,218361,1846263,403151834943,44.595,546,163.398,277.480,"61,32",1.135.048,197876,589.289,11818876605
2023,桃園市,100650,699546,168230,891027,1490814,1328355525978,458.328,94.323,732.760,1.288.007,"60,14",6.664.286,968426,2.317.445,28833853984
2023,澎湖縣,19200,59043,0,42807,1060432,45393912624,11.267,3,24.039,53.195,"53,74",543.846,78243,107.739,477448747
2023,總計,NA,NA,NA,9119999,1375097,12540883264903,4.419.662,162.352,6.842.897,11.579.543,"58,31",54.972.782,0,23.420.442,NA
2023,臺中市,127135,675723,1150875,1047164,1346521,1410028316444,621.792,-,949.329,1.685.646,"59,59",5.537.468,1953733,2.845.909,34023783877
2023,臺北市,0,75080,260,1059757,1751823,1856506687011,294.274,-,647.708,989.727,"70,27",7.671.900,75340,2.511.886,15985484904
2023,臺南市,0,2438393,2845,721550,1177168,849385570400,373.078,5.988,603.509,1.038.517,"63,50",3.252.770,2441238,1.859.946,33225856909
2023,臺東縣,0,74078,4409,84425,930467,78554676475,59.574,15,59.438,104.459,"61,44",909.450,78487,211.544,1037869543
2023,臺灣地區,NA,NA,NA,NA,NA,NA,4.411.151,161.664,6.823.965,-,-,54.271.011,0,23.262.254,NA
2023,花蓮縣,0,176028,244300,128496,1018629,130889751984,9.003,20.813,85.699,155.525,"58,78",961.915,420328,317.489,2499199411
2023,苗栗縣,648600,337752,84338,198022,1341195,265586116290,118.104,2.159,103.274,237.548,"49,40",1.272.118,1070690,534.575,7725848431
2023,連江縣,0,145,0,NA,NA,NA,2.666,77,2.273,6.092,"54,38",155.343,145,14.039,82410382
2023,金門縣,4000,21051,0,NA,NA,NA,5.846,611,16.658,28.182,"74,74",546.428,25051,144.149,316738746
2023,雲林縣,414722,1295567,4252,246207,1087755,267812895285,85.385,27.198,152.891,299.640,"54,28",1.426.635,1714541,659.468,5855337730
2023,高雄市,0,1069483,8088,1144005,1325786,1516705812930,634.025,-,948.500,1.641.098,"61,37",4.962.651,1077571,2.737.941,31254330360
